{"precision": 0.6661137392230345, "recall": 0.6662161331940776, "density": 0.9941703699152861, "coverage": 0.6559825871738386}