{"precision": 0.0678659035159444, "recall": 0.6853260869565218, "density": 0.03452348505496502, "coverage": 0.07336956521739131}