{"precision": 0.7394385391114745, "recall": 0.7369565217391304, "density": 0.873444171890615, "coverage": 0.7777173913043478}