{"precision": 0.44535295720904877, "recall": 0.7858695652173913, "density": 0.2471154719723812, "coverage": 0.26603260869565215}