{"precision": 0.6780733550408552, "recall": 0.6773273418232563, "density": 1.0027373321592157, "coverage": 0.6595897804965815}