{"precision": 0.8582720087217225, "recall": 0.8529891304347826, "density": 0.9849186881075679, "coverage": 0.8586956521739131}