{"precision": 0.6242, "recall": 0.3806, "density": 0.6801333333333333, "coverage": 0.12468888888888889}