{"precision": 0.6894, "recall": 0.30848888888888887, "density": 0.8368, "coverage": 0.11735555555555556}