{"precision": 0.7244, "recall": 0.26637777777777777, "density": 0.892, "coverage": 0.12682222222222223}