{"precision": 0.622, "recall": 0.32724444444444445, "density": 0.6546, "coverage": 0.09746666666666666}