{"precision": 0.5974, "recall": 0.5374888888888889, "density": 0.6981333333333333, "coverage": 0.1441111111111111}