{"precision": 0.609, "recall": 0.5098666666666667, "density": 0.6646666666666666, "coverage": 0.11884444444444445}