{"precision": 0.5582, "recall": 0.5522444444444444, "density": 0.5534666666666667, "coverage": 0.12391111111111111}