{"precision": 0.6784, "recall": 0.44153333333333333, "density": 0.8132666666666666, "coverage": 0.14682222222222222}