{"precision": 0.6468, "recall": 0.42644444444444446, "density": 0.7080666666666666, "coverage": 0.113}