{"precision": 0.6318, "recall": 0.31148888888888887, "density": 0.6527999999999999, "coverage": 0.1010888888888889}