{"precision": 0.9167946591304704, "recall": 0.9167624781681426, "density": 1.0002867031189204, "coverage": 0.6564301951043979}