{"precision": 0.6944671572635596, "recall": 0.6706521739130434, "density": 0.9100572363041701, "coverage": 0.7546195652173913}