{"precision": 0.8827272727272727, "recall": 0.9003503308680421, "density": 1.0178787878787878, "coverage": 0.6683534449202024}