{"precision": 0.8960905981855788, "recall": 0.8985860855369978, "density": 1.0002320930010307, "coverage": 0.6571674316959074}