{"precision": 0.7361921730048535, "recall": 0.7336820579432854, "density": 1.0001501778241964, "coverage": 0.6551926908257928}