{"precision": 0.8520032706459526, "recall": 0.8244565217391304, "density": 1.0231670754974107, "coverage": 0.8682065217391305}