{"precision": 0.1199, "recall": 0.01972, "density": 0.048499999999999995, "coverage": 0.0019}