{"precision": 0.025, "recall": 0.00182, "density": 0.008666666666666666, "coverage": 0.00042}