{"precision": 0.468, "recall": 0.32852, "density": 0.32386666666666664, "coverage": 0.07438}