{"precision": 0.1579, "recall": 0.02564, "density": 0.06636666666666666, "coverage": 0.00336}