{"precision": 0.0059, "recall": 6e-05, "density": 0.0019666666666666665, "coverage": 0.00012}