{"precision": 0.1365, "recall": 0.0346, "density": 0.055433333333333334, "coverage": 0.00248}