{"precision": 0.005, "recall": 0.0, "density": 0.0016666666666666666, "coverage": 0.00014}