{"precision": 0.0653, "recall": 0.00598, "density": 0.023966666666666667, "coverage": 0.00088}