{"precision": 0.0179, "recall": 0.00064, "density": 0.006166666666666666, "coverage": 0.00034}