{"precision": 0.3184, "recall": 0.10986, "density": 0.16686666666666666, "coverage": 0.02052}