{"precision": 0.4163, "recall": 0.25574, "density": 0.2561333333333333, "coverage": 0.04808}