{"precision": 0.0772, "recall": 0.0311, "density": 0.028733333333333333, "coverage": 0.00102}