{"precision": 0.0276, "recall": 0.0005, "density": 0.009766666666666667, "coverage": 0.00038}