{"precision": 0.6866, "recall": 0.71728, "density": 0.7626, "coverage": 0.31498}