{"precision": 0.0837, "recall": 0.0232, "density": 0.03193333333333333, "coverage": 0.00112}