{"precision": 0.0361, "recall": 0.00516, "density": 0.0127, "coverage": 0.00056}