{"precision": 0.1185, "recall": 0.0132, "density": 0.04823333333333333, "coverage": 0.00186}