{"precision": 0.6529, "recall": 0.67072, "density": 0.6781333333333334, "coverage": 0.26422}