{"precision": 0.2649, "recall": 0.08034, "density": 0.12806666666666666, "coverage": 0.01208}