{"precision": 0.1267, "recall": 0.00518, "density": 0.0508, "coverage": 0.00224}