{"precision": 0.0098, "recall": 0.00036, "density": 0.0032666666666666664, "coverage": 0.00016}