{"precision": 0.008, "recall": 0.0001, "density": 0.0026666666666666666, "coverage": 0.00016}