{"precision": 0.574, "recall": 0.51518, "density": 0.5039666666666667, "coverage": 0.16042}