{"precision": 0.1351, "recall": 0.01906, "density": 0.05393333333333333, "coverage": 0.00224}