{"precision": 0.0043, "recall": 8e-05, "density": 0.0014666666666666667, "coverage": 0.00012}