{"precision": 0.0317, "recall": 0.00038, "density": 0.011199999999999998, "coverage": 0.0005}