{"precision": 0.1015, "recall": 0.00892, "density": 0.039433333333333334, "coverage": 0.00148}