{"precision": 0.0019, "recall": 0.01794, "density": 0.0006333333333333333, "coverage": 8e-05}