{"precision": 0.3226, "recall": 0.11514, "density": 0.1694, "coverage": 0.02204}