{"precision": 0.1992, "recall": 0.05024, "density": 0.08823333333333333, "coverage": 0.00534}