{"precision": 0.5244, "recall": 0.43402, "density": 0.4140333333333333, "coverage": 0.11832}