{"precision": 0.5277, "recall": 0.44422, "density": 0.4261333333333333, "coverage": 0.12524}