{"precision": 0.4504, "recall": 0.3068, "density": 0.2967666666666666, "coverage": 0.06316}