{"precision": 0.6276, "recall": 0.62328, "density": 0.6218999999999999, "coverage": 0.2283}