{"precision": 0.0059, "recall": 0.00014, "density": 0.0019666666666666665, "coverage": 0.00014}