{"precision": 0.0369, "recall": 0.00042, "density": 0.013033333333333334, "coverage": 0.00046}