{"precision": 0.014, "recall": 0.00016, "density": 0.004733333333333333, "coverage": 0.0002}