{"precision": 0.4394, "recall": 0.26662, "density": 0.2845, "coverage": 0.05766}