{"precision": 0.4434, "recall": 0.27438, "density": 0.28809999999999997, "coverage": 0.05938}