{"precision": 0.0078, "recall": 6e-05, "density": 0.0026666666666666666, "coverage": 0.00016}