{"precision": 0.0033, "recall": 0.00442, "density": 0.0010999999999999998, "coverage": 0.00016}