{"precision": 0.255, "recall": 0.05556, "density": 0.12486666666666665, "coverage": 0.01226}