{"precision": 0.5458, "recall": 0.4721, "density": 0.44589999999999996, "coverage": 0.13434}