{"precision": 0.2184, "recall": 0.04488, "density": 0.10069999999999998, "coverage": 0.0079}