{"precision": 0.6476, "recall": 0.65092, "density": 0.6575, "coverage": 0.25106}