{"precision": 0.0104, "recall": 0.00178, "density": 0.003533333333333333, "coverage": 0.0002}