{"precision": 0.7613, "recall": 0.74382, "density": 1.0175, "coverage": 0.42754}