{"precision": 0.2301, "recall": 0.04246, "density": 0.10659999999999999, "coverage": 0.00804}