{"precision": 0.2469, "recall": 0.06852, "density": 0.1166, "coverage": 0.01012}