{"precision": 0.4789, "recall": 0.33636, "density": 0.33959999999999996, "coverage": 0.08076}