{"precision": 0.4853, "recall": 0.36342, "density": 0.35966666666666663, "coverage": 0.09}