{"precision": 0.246, "recall": 0.08184, "density": 0.11616666666666665, "coverage": 0.01086}