{"precision": 0.4038, "recall": 0.22644, "density": 0.24609999999999999, "coverage": 0.04342}