{"precision": 0.282, "recall": 0.10868, "density": 0.1412, "coverage": 0.01526}