{"precision": 0.0592, "recall": 0.032, "density": 0.021766666666666663, "coverage": 0.00062}