{"precision": 0.0365, "recall": 0.00296, "density": 0.012466666666666668, "coverage": 0.00058}