{"precision": 0.0552, "recall": 0.00312, "density": 0.0199, "coverage": 0.00074}