{"precision": 0.7138, "recall": 0.74318, "density": 0.8455999999999999, "coverage": 0.3575}