{"precision": 0.0178, "recall": 0.00036, "density": 0.006266666666666667, "coverage": 0.00032}