{"precision": 0.7004, "recall": 0.72462, "density": 0.7933666666666667, "coverage": 0.3294}