{"precision": 0.106, "recall": 0.00888, "density": 0.04163333333333333, "coverage": 0.0015}