{"precision": 0.0426, "recall": 0.00206, "density": 0.015300000000000001, "coverage": 0.0005}