{"precision": 0.2748, "recall": 0.09102, "density": 0.13483333333333333, "coverage": 0.0144}