{"precision": 0.0672, "recall": 0.00152, "density": 0.025166666666666664, "coverage": 0.00084}