{"precision": 0.0021, "recall": 0.0, "density": 0.0006999999999999999, "coverage": 0.00012}