{"precision": 0.7598, "recall": 0.74908, "density": 1.0004666666666666, "coverage": 0.4229}