{"precision": 0.5052, "recall": 0.37944, "density": 0.37999999999999995, "coverage": 0.09804}