{"precision": 0.2091, "recall": 0.03268, "density": 0.0944, "coverage": 0.00592}