{"precision": 0.145, "recall": 0.05132, "density": 0.06016666666666666, "coverage": 0.0029}