{"precision": 0.5964, "recall": 0.55924, "density": 0.5356333333333333, "coverage": 0.1805}