{"precision": 0.5781, "recall": 0.54014, "density": 0.5209666666666666, "coverage": 0.17028}