{"precision": 0.6817, "recall": 0.7047, "density": 0.7421333333333333, "coverage": 0.30112}