{"precision": 0.5941, "recall": 0.5689, "density": 0.5527333333333333, "coverage": 0.19116}