{"precision": 0.2277, "recall": 0.05192, "density": 0.10566666666666666, "coverage": 0.00842}