{"precision": 0.3769, "recall": 0.19342, "density": 0.21813333333333332, "coverage": 0.03468}