{"precision": 0.6604, "recall": 0.68336, "density": 0.6893666666666666, "coverage": 0.27196}