{"precision": 0.0654, "recall": 0.00206, "density": 0.023933333333333334, "coverage": 0.00086}