{"precision": 0.7366, "recall": 0.75172, "density": 0.8965666666666667, "coverage": 0.3821}