{"precision": 0.0308, "recall": 0.00168, "density": 0.010666666666666666, "coverage": 0.00042}