{"precision": 0.021, "recall": 0.00046, "density": 0.007266666666666666, "coverage": 0.00026}