{"precision": 0.1124, "recall": 0.05062, "density": 0.0447, "coverage": 0.00166}