{"precision": 0.027, "recall": 0.00102, "density": 0.009266666666666666, "coverage": 0.00044}