{"precision": 0.3372, "recall": 0.1373, "density": 0.17503333333333332, "coverage": 0.02306}