{"precision": 0.5509, "recall": 0.49382, "density": 0.45816666666666667, "coverage": 0.14088}