{"precision": 0.2355, "recall": 0.08976, "density": 0.11003333333333333, "coverage": 0.00912}