{"precision": 0.1771, "recall": 0.01884, "density": 0.07603333333333333, "coverage": 0.00438}