{"precision": 0.172, "recall": 0.02506, "density": 0.07313333333333333, "coverage": 0.00442}