{"precision": 0.0758, "recall": 0.00218, "density": 0.02843333333333333, "coverage": 0.001}