{"precision": 0.3659, "recall": 0.17562, "density": 0.2036, "coverage": 0.03072}