{"precision": 0.024, "recall": 0.00058, "density": 0.008299999999999998, "coverage": 0.00046}