{"precision": 0.7455, "recall": 0.75536, "density": 0.9213666666666667, "coverage": 0.39302}