{"precision": 0.1839, "recall": 0.0272, "density": 0.08196666666666666, "coverage": 0.00518}