{"precision": 0.145, "recall": 0.00794, "density": 0.060066666666666664, "coverage": 0.00276}