{"precision": 0.1672, "recall": 0.0282, "density": 0.07106666666666667, "coverage": 0.00368}