{"precision": 0.0113, "recall": 0.00018, "density": 0.003933333333333333, "coverage": 0.00024}