{"precision": 0.2093, "recall": 0.04688, "density": 0.09409999999999999, "coverage": 0.00632}