{"precision": 0.6094, "recall": 0.59618, "density": 0.5670333333333333, "coverage": 0.2029}