{"precision": 0.0149, "recall": 0.0001, "density": 0.0050999999999999995, "coverage": 0.00022}