{"precision": 0.0969, "recall": 0.01024, "density": 0.037599999999999995, "coverage": 0.00144}