{"precision": 0.0028, "recall": 0.0, "density": 0.0009666666666666666, "coverage": 0.00014}