{"precision": 0.287, "recall": 0.09058, "density": 0.14453333333333332, "coverage": 0.01536}