{"precision": 0.5099, "recall": 0.41304, "density": 0.39259999999999995, "coverage": 0.1082}