{"precision": 0.0134, "recall": 0.00352, "density": 0.0045, "coverage": 0.00024}