{"precision": 0.0479, "recall": 0.0036, "density": 0.017366666666666666, "coverage": 0.00062}