{"precision": 0.3412, "recall": 0.13616, "density": 0.18813333333333332, "coverage": 0.02736}