{"precision": 0.3024, "recall": 0.14328, "density": 0.15773333333333334, "coverage": 0.01994}