{"precision": 0.3849, "recall": 0.23854, "density": 0.22513333333333332, "coverage": 0.03654}