{"precision": 0.763, "recall": 0.74388, "density": 1.0222333333333333, "coverage": 0.42938}