{"precision": 0.0507, "recall": 0.00118, "density": 0.01773333333333333, "coverage": 0.00062}