{"precision": 0.0832, "recall": 0.00346, "density": 0.031, "coverage": 0.00112}