{"precision": 0.3361, "recall": 0.15588, "density": 0.1781333333333333, "coverage": 0.02412}