{"precision": 0.0092, "recall": 2e-05, "density": 0.0030666666666666663, "coverage": 0.00024}