{"precision": 0.7549, "recall": 0.75166, "density": 0.9775, "coverage": 0.41434}