{"precision": 0.6412, "recall": 0.63138, "density": 0.6350666666666667, "coverage": 0.2385}