{"precision": 0.751, "recall": 0.75264, "density": 0.9542666666666666, "coverage": 0.40474}