{"precision": 0.2738, "recall": 0.07608, "density": 0.13336666666666666, "coverage": 0.01376}