{"precision": 0.7267, "recall": 0.74886, "density": 0.8711333333333333, "coverage": 0.37032}