{"precision": 0.0033, "recall": 0.0, "density": 0.0010999999999999998, "coverage": 0.00012}