{"precision": 0.0035, "recall": 0.0013, "density": 0.0011666666666666665, "coverage": 0.00014}