{"precision": 0.2187, "recall": 0.05758, "density": 0.09833333333333333, "coverage": 0.00736}