{"precision": 0.0898, "recall": 0.04716, "density": 0.03526666666666667, "coverage": 0.00134}