{"precision": 0.0211, "recall": 0.02704, "density": 0.007333333333333332, "coverage": 0.00026}