{"precision": 0.1497, "recall": 0.0633, "density": 0.06303333333333333, "coverage": 0.00328}