{"precision": 0.3674, "recall": 0.1812, "density": 0.20583333333333334, "coverage": 0.03224}