{"precision": 0.2973, "recall": 0.10722, "density": 0.1499333333333333, "coverage": 0.0168}