{"precision": 0.4245, "recall": 0.25788, "density": 0.268, "coverage": 0.05198}