{"precision": 0.5686, "recall": 0.50618, "density": 0.4883, "coverage": 0.15238}