{"precision": 0.0047, "recall": 0.0, "density": 0.0015666666666666667, "coverage": 0.00012}