{"precision": 0.707549741073862, "recall": 0.6951086956521739, "density": 0.9822840010902152, "coverage": 0.8638586956521739}