{"precision": 0.7479265220863796, "recall": 0.7650497195867965, "density": 1.0048534742274375, "coverage": 0.6578432319047912}