{"precision": 0.8203804959963957, "recall": 0.8274954142128683, "density": 1.002505239158185, "coverage": 0.6580977540613837}