{"precision": 0.6911965113109839, "recall": 0.6461956521739131, "density": 0.9258653584082857, "coverage": 0.8103260869565218}