{"precision": 0.6838483750076796, "recall": 0.6874643449565118, "density": 1.0010853760930556, "coverage": 0.6568602497827785}