{"precision": 0.8931621306137495, "recall": 0.8944171881445335, "density": 0.9929279897332979, "coverage": 0.6537621007732207}